Name,Email,Phone,Skill_Level,Skills,Experience_Summary
Aditya Gupta,aditya.gupta17@gmail.com,-8458153394,Moderate,"Python, Machine Learning, NLP basics, Deep Learning fundamentals, PowerBI","Academic projects, guided ML implementations"
Kunal Iyer,kunal.iyer25@gmail.com,-7874456984,Weak,"Python basics, ML theory, introductory NLP","Coursework-focused, limited practical exposure"
Sneha Joshi,sneha.joshi21@gmail.com,-8682340923,Strong,"Python, Machine Learning, Deep Learning, NLP, LLMs, RAG, LangChain, TensorFlow, PyTorch, PowerBI","Hands-on AI projects, internships, real-world ML applications"
Pooja Joshi,pooja.joshi83@gmail.com,-9166772340,Moderate,"Python, Machine Learning, NLP basics, Deep Learning fundamentals, PowerBI","Academic projects, guided ML implementations"
Neha Iyer,neha.iyer69@gmail.com,-9108023093,Strong,"Python, Machine Learning, Deep Learning, NLP, LLMs, RAG, LangChain, TensorFlow, PyTorch, PowerBI","Hands-on AI projects, internships, real-world ML applications"
Neha Sharma,neha.sharma77@gmail.com,-8326717323,Strong,"Python, Machine Learning, Deep Learning, NLP, LLMs, RAG, LangChain, TensorFlow, PyTorch, ","Hands-on AI projects, internships, real-world ML applications"
Nikhil Chopra,nikhil.chopra29@gmail.com,-8754695737,Moderate,"Python, Machine Learning, NLP basics, Deep Learning fundamentals, PowerBI","Academic projects, guided ML implementations"
Aditi Nair,aditi.nair17@gmail.com,-8818709807,Strong,"Python, Machine Learning, Deep Learning, NLP, LLMs, RAG, PyTorch, PowerBI,data analysis","Hands-on AI projects, internships, real-world ML applications"
Siddharth Reddy,siddharth.reddy48@gmail.com,-7370403304,Strong,"Python, Machine Learning, Deep Learning, NLP, LLMs, RAG, LangChain, TensorFlow, PyTorch, PowerBI","Hands-on AI projects, internships, real-world ML applications"
Kunal Chopra,kunal.chopra30@gmail.com,-8359716124,Strong,"Python, Machine Learning, Deep Learning, NLP, LLMs, RAG, LangChain, TensorFlow, PyTorch, PowerBI","Hands-on AI projects, internships, real-world ML applications"
Kunal Bansal,kunal.bansal27@gmail.com,-9069231116,Strong,"Python, Deep Learning, NLP, LLMs, RAG, LangChain, TensorFlow, PyTorch, PowerBI","Hands-on AI projects, internships, real-world ML applications"
Siddharth Reddy,siddharth.reddy78@gmail.com,-7123387864,Moderate,"Python, Machine Learning, NLP basics, Deep Learning fundamentals, PowerBI","Academic projects, guided ML implementations"
Kavya Singh,kavya.singh23@gmail.com,-8208562943,Moderate,"Python, Machine Learning, NLP basics, Deep Learning fundamentals, PowerBI","Academic projects, guided ML implementations"
Isha Joshi,isha.joshi41@gmail.com,-7017964393,Moderate,"Python, Machine Learning, NLP basics, Deep Learning fundamentals, PowerBI","Academic projects, guided ML implementations"
Siddharth Verma,siddharth.verma18@gmail.com,-7701004099,Strong,"Python, Machine Learning, Deep Learning, NLP, LLMs, RAG, LangChain, TensorFlow, PyTorch, PowerBI","Hands-on AI projects, internships, real-world ML applications"
Rahul Singh,rahul.singh18@gmail.com,-9693893578,Weak,"Python basics, ML theory, introductory NLP","Coursework-focused, limited practical exposure"
Rahul Iyer,rahul.iyer92@gmail.com,-7041117093,Strong,"Python, Machine Learning, Deep Learning, NLP, LLMs, RAG, LangChain, TensorFlow, PyTorch, PowerBI","Hands-on AI projects, internships, real-world ML applications"
Sneha Singh,sneha.singh98@gmail.com,-9595997024,Weak,"Python basics, ML theory, introductory NLP","Coursework-focused, limited practical exposure"
Aarav Patel,aarav.patel47@gmail.com,-7387596018,Moderate,"Python, Machine Learning, NLP basics, Deep Learning fundamentals, PowerBI","Academic projects, guided ML implementations"
Rohan Malhotra,rohan.malhotra57@gmail.com,-9477302617,Strong,"Python, Machine Learning, Deep Learning, NLP, LLMs, RAG, LangChain, TensorFlow, PyTorch, PowerBI","Hands-on AI projects, internships, real-world ML applications"
Aditya Chopra,aditya.chopra98@gmail.com,-7218525836,Weak,"Python basics, ML theory, introductory NLP","Coursework-focused, limited practical exposure"
Rohan Singh,rohan.singh19@gmail.com,-7380517223,Moderate,"Python, Machine Learning, NLP basics, Deep Learning fundamentals, PowerBI","Academic projects, guided ML implementations"
Priya Singh,priya.singh97@gmail.com,-8456605616,Moderate,"Python, Machine Learning, NLP basics, Deep Learning fundamentals, PowerBI","Academic projects, guided ML implementations"
Priya Singh,priya.singh16@gmail.com,-8532612501,Moderate,"Python, Machine Learning, NLP basics, Deep Learning fundamentals, PowerBI","Academic projects, guided ML implementations"
Ritika Agarwal,ritika.agarwal14@gmail.com,-9937968551,Weak,"Python basics, ML theory, introductory NLP","Coursework-focused, limited practical exposure"
Vihaan Kumar,vihaan.kumar60@gmail.com,-7365284951,Weak,"Python basics, ML theory, introductory NLP","Coursework-focused, limited practical exposure"
Ritika Singh,ritika.singh36@gmail.com,-8638735494,Weak,"Python basics, ML theory, introductory NLP","Coursework-focused, limited practical exposure"
Vihaan Verma,vihaan.verma53@gmail.com,-9989483791,Moderate,"Python, Machine Learning, NLP basics, Deep Learning fundamentals, PowerBI","Academic projects, guided ML implementations"
Aditya Agarwal,aditya.agarwal59@gmail.com,-9189590804,Strong,"Python, Machine Learning, Deep Learning, NLP, LLMs, RAG, LangChain, TensorFlow, PyTorch, PowerBI","Hands-on AI projects, internships, real-world ML applications"
Rohan Malhotra,rohan.malhotra92@gmail.com,-8929247729,Weak,"Python basics, ML theory, introductory NLP","Coursework-focused, limited practical exposure"
Aditi Bansal,aditi.bansal84@gmail.com,-7976645425,Weak,"Python basics, ML theory, introductory NLP","Coursework-focused, limited practical exposure"
Aditya Singh,aditya.singh55@gmail.com,-9166156999,Weak,"Python basics, ML theory, introductory NLP","Coursework-focused, limited practical exposure"
Kunal Reddy,kunal.reddy34@gmail.com,-8276736630,Strong,"Python, Machine Learning, Deep Learning, NLP, LLMs, RAG, LangChain, TensorFlow, PyTorch, PowerBI","Hands-on AI projects, internships, real-world ML applications"
Ritika Gupta,ritika.gupta81@gmail.com,-8036892757,Moderate,"Python, Machine Learning, NLP basics, Deep Learning fundamentals, PowerBI","Academic projects, guided ML implementations"
Pooja Patel,pooja.patel88@gmail.com,-9648836371,Moderate,"Python, Machine Learning, NLP basics, Deep Learning fundamentals, PowerBI","Academic projects, guided ML implementations"
Siddharth Gupta,siddharth.gupta75@gmail.com,-9081197297,Strong,"Python, Machine Learning, Deep Learning, NLP, LLMs, RAG, LangChain, TensorFlow, PyTorch, PowerBI","Hands-on AI projects, internships, real-world ML applications"
Arjun Gupta,arjun.gupta21@gmail.com,-7539926938,Moderate,"Python, Machine Learning, NLP basics, Deep Learning fundamentals, PowerBI","Academic projects, guided ML implementations"
Kavya Malhotra,kavya.malhotra91@gmail.com,-8997250863,Strong,"Python, Machine Learning, Deep Learning, NLP, LLMs, RAG, LangChain, TensorFlow, PyTorch, PowerBI","Hands-on AI projects, internships, real-world ML applications"
Rohan Joshi,rohan.joshi61@gmail.com,-8205209632,Moderate,"Python, Machine Learning, NLP basics, Deep Learning fundamentals, PowerBI","Academic projects, guided ML implementations"
Nikhil Agarwal,nikhil.agarwal26@gmail.com,-9144222751,Weak,"Python basics, ML theory, introductory NLP","Coursework-focused, limited practical exposure"
Ananya Kumar,ananya.kumar27@gmail.com,-7471277687,Moderate,"Python, Machine Learning, NLP basics, Deep Learning fundamentals, PowerBI","Academic projects, guided ML implementations"
Ananya Agarwal,ananya.agarwal45@gmail.com,-7099983909,Strong,"Python, Machine Learning, Deep Learning, NLP, LLMs, RAG, LangChain, TensorFlow, PyTorch, PowerBI","Hands-on AI projects, internships, real-world ML applications"
Neha Joshi,neha.joshi60@gmail.com,-8907486587,Weak,"Python basics, ML theory, introductory NLP","Coursework-focused, limited practical exposure"
Ritika Reddy,ritika.reddy42@gmail.com,-9932963151,Strong,"Python, Machine Learning, Deep Learning, NLP, LLMs, RAG, LangChain, TensorFlow, PyTorch, PowerBI","Hands-on AI projects, internships, real-world ML applications"
Arjun Joshi,arjun.joshi46@gmail.com,-7149600123,Weak,"Python basics, ML theory, introductory NLP","Coursework-focused, limited practical exposure"
Siddharth Agarwal,siddharth.agarwal88@gmail.com,-7259520655,Moderate,"Python, Machine Learning, NLP basics, Deep Learning fundamentals, PowerBI","Academic projects, guided ML implementations"
Isha Bansal,isha.bansal19@gmail.com,-8713556094,Strong,"Python, Machine Learning, Deep Learning, NLP, LLMs, RAG, LangChain, TensorFlow, PyTorch, PowerBI","Hands-on AI projects, internships, real-world ML applications"
Neha Singh,neha.singh44@gmail.com,-8241518344,Strong,"Python, Machine Learning, Deep Learning, NLP, LLMs, RAG, LangChain, TensorFlow, PyTorch, PowerBI","Hands-on AI projects, internships, real-world ML applications"
Kunal Gupta,kunal.gupta97@gmail.com,-7305726310,Moderate,"Python, Machine Learning, NLP basics, Deep Learning fundamentals, PowerBI","Academic projects, guided ML implementations"
Aarav Reddy,aarav.reddy89@gmail.com,-8792599455,Weak,"Python basics, ML theory, introductory NLP","Coursework-focused, limited practical exposure"
Pooja Joshi,pooja.joshi24@gmail.com,-8069230033,Strong,"Python, Machine Learning, Deep Learning, NLP, LLMs, RAG, LangChain, TensorFlow, PyTorch, PowerBI","Hands-on AI projects, internships, real-world ML applications"
Aditi Bansal,aditi.bansal39@gmail.com,-7719332165,Weak,"Python basics, ML theory, introductory NLP","Coursework-focused, limited practical exposure"
Vihaan Chopra,vihaan.chopra45@gmail.com,-9174691933,Strong,"Python, Machine Learning, Deep Learning, NLP, LLMs, RAG, LangChain, TensorFlow, PyTorch, PowerBI","Hands-on AI projects, internships, real-world ML applications"
Aman Mehta,aman.mehta80@gmail.com,-9819775534,Weak,"Python basics, ML theory, introductory NLP","Coursework-focused, limited practical exposure"
Aman Malhotra,aman.malhotra88@gmail.com,-7980693772,Moderate,"Python, Machine Learning, NLP basics, Deep Learning fundamentals, PowerBI","Academic projects, guided ML implementations"
Isha Iyer,isha.iyer53@gmail.com,-7878045017,Weak,"Python basics, ML theory, introductory NLP","Coursework-focused, limited practical exposure"
Aman Singh,aman.singh75@gmail.com,-9665715922,Strong,"Python, Machine Learning, Deep Learning, NLP, LLMs, RAG, LangChain, TensorFlow, PyTorch, PowerBI","Hands-on AI projects, internships, real-world ML applications"
Aditya Kumar,aditya.kumar11@gmail.com,-7268860211,Weak,"Python basics, ML theory, introductory NLP","Coursework-focused, limited practical exposure"
Kavya Mehta,kavya.mehta98@gmail.com,-9936718563,Moderate,"Python, Machine Learning, NLP basics, Deep Learning fundamentals, PowerBI","Academic projects, guided ML implementations"
Kunal Singh,kunal.singh18@gmail.com,-8164173621,Moderate,"Python, Machine Learning, NLP basics, Deep Learning fundamentals, PowerBI","Academic projects, guided ML implementations"
Rahul Iyer,rahul.iyer52@gmail.com,-7497213273,Weak,"Python basics, ML theory, introductory NLP","Coursework-focused, limited practical exposure"
Shreya Mehta,shreya.mehta47@gmail.com,-9297493048,Strong,"Python, Machine Learning, Deep Learning, NLP, LLMs, RAG, LangChain, TensorFlow, PyTorch, PowerBI","Hands-on AI projects, internships, real-world ML applications"
Shreya Malhotra,shreya.malhotra14@gmail.com,-8414539588,Moderate,"Python, Machine Learning, NLP basics, Deep Learning fundamentals, PowerBI","Academic projects, guided ML implementations"
Rahul Verma,rahul.verma48@gmail.com,-9248852282,Moderate,"Python, Machine Learning, NLP basics, Deep Learning fundamentals, PowerBI","Academic projects, guided ML implementations"
Aman Gupta,aman.gupta73@gmail.com,-8656648685,Moderate,"Python, Machine Learning, NLP basics, Deep Learning fundamentals, PowerBI","Academic projects, guided ML implementations"
Kavya Patel,kavya.patel30@gmail.com,-9427643397,Moderate,"Python, Machine Learning, NLP basics, Deep Learning fundamentals, PowerBI","Academic projects, guided ML implementations"
Siddharth Patel,siddharth.patel78@gmail.com,-8770753976,Moderate,"Python, Machine Learning, NLP basics, Deep Learning fundamentals, PowerBI","Academic projects, guided ML implementations"
Kavya Malhotra,kavya.malhotra39@gmail.com,-8982166398,Moderate,"Python, Machine Learning, NLP basics, Deep Learning fundamentals, PowerBI","Academic projects, guided ML implementations"
Kavya Bansal,kavya.bansal93@gmail.com,-7150755940,Weak,"Python basics, ML theory, introductory NLP","Coursework-focused, limited practical exposure"
Isha Nair,isha.nair42@gmail.com,-7260519987,Moderate,"Python, Machine Learning, NLP basics, Deep Learning fundamentals, PowerBI","Academic projects, guided ML implementations"
Neha Agarwal,neha.agarwal65@gmail.com,-9872801291,Moderate,"Python, Machine Learning, NLP basics, Deep Learning fundamentals, PowerBI","Academic projects, guided ML implementations"
Aman Agarwal,aman.agarwal30@gmail.com,-7176756305,Weak,"Python basics, ML theory, introductory NLP","Coursework-focused, limited practical exposure"
Aarav Gupta,aarav.gupta69@gmail.com,-9060009961,Strong,"Python, Machine Learning, Deep Learning, NLP, LLMs, RAG, LangChain, TensorFlow, PyTorch, PowerBI","Hands-on AI projects, internships, real-world ML applications"
Aman Chopra,aman.chopra53@gmail.com,-9529018443,Strong,"Python, Machine Learning, Deep Learning, NLP, LLMs, RAG, LangChain, TensorFlow, PyTorch, PowerBI","Hands-on AI projects, internships, real-world ML applications"
Ananya Iyer,ananya.iyer75@gmail.com,-7319585534,Moderate,"Python, Machine Learning, NLP basics, Deep Learning fundamentals, PowerBI","Academic projects, guided ML implementations"
Sneha Iyer,sneha.iyer84@gmail.com,-7717609373,Strong,"Python, Machine Learning, Deep Learning, NLP, LLMs, RAG, LangChain, TensorFlow, PyTorch, PowerBI","Hands-on AI projects, internships, real-world ML applications"
Kavya Chopra,kavya.chopra90@gmail.com,-7700991237,Moderate,"Python, Machine Learning, NLP basics, Deep Learning fundamentals, PowerBI","Academic projects, guided ML implementations"
Siddharth Joshi,siddharth.joshi81@gmail.com,-9162212278,Moderate,"Python, Machine Learning, NLP basics, Deep Learning fundamentals, PowerBI","Academic projects, guided ML implementations"
Rahul Gupta,rahul.gupta37@gmail.com,-9595323956,Weak,"Python basics, ML theory, introductory NLP","Coursework-focused, limited practical exposure"
Arjun Bansal,arjun.bansal10@gmail.com,-9056718072,Weak,"Python basics, ML theory, introductory NLP","Coursework-focused, limited practical exposure"
Vihaan Bansal,vihaan.bansal68@gmail.com,-7045634769,Weak,"Python basics, ML theory, introductory NLP","Coursework-focused, limited practical exposure"
Aditi Kumar,aditi.kumar90@gmail.com,-7347497418,Moderate,"Python, Machine Learning, NLP basics, Deep Learning fundamentals, PowerBI","Academic projects, guided ML implementations"
Isha Bansal,isha.bansal45@gmail.com,-8053942638,Strong,"Python, Machine Learning, Deep Learning, NLP, LLMs, RAG, LangChain, TensorFlow, PyTorch, PowerBI","Hands-on AI projects, internships, real-world ML applications"
Isha Reddy,isha.reddy90@gmail.com,-9614152237,Moderate,"Python, Machine Learning, NLP basics, Deep Learning fundamentals, PowerBI","Academic projects, guided ML implementations"
Neha Iyer,neha.iyer39@gmail.com,-8307477677,Strong,"Python, Machine Learning, Deep Learning, NLP, LLMs, RAG, LangChain, TensorFlow, PyTorch, PowerBI","Hands-on AI projects, internships, real-world ML applications"
Rohan Gupta,rohan.gupta60@gmail.com,-8405576002,Strong,"Python, Machine Learning, Deep Learning, NLP, LLMs, RAG, LangChain, TensorFlow, PyTorch, PowerBI","Hands-on AI projects, internships, real-world ML applications"
Neha Reddy,neha.reddy92@gmail.com,-9117707385,Moderate,"Python, Machine Learning, NLP basics, Deep Learning fundamentals, PowerBI","Academic projects, guided ML implementations"
Kavya Joshi,kavya.joshi72@gmail.com,-8653396367,Weak,"Python basics, ML theory, introductory NLP","Coursework-focused, limited practical exposure"
Rahul Joshi,rahul.joshi55@gmail.com,-9703086066,Strong,"Python, Machine Learning, Deep Learning, NLP, LLMs, RAG, LangChain, TensorFlow, PyTorch, PowerBI","Hands-on AI projects, internships, real-world ML applications"
Neha Singh,neha.singh75@gmail.com,-7232896380,Moderate,"Python, Machine Learning, NLP basics, Deep Learning fundamentals, PowerBI","Academic projects, guided ML implementations"
Arjun Malhotra,arjun.malhotra87@gmail.com,-7560895970,Moderate,"Python, Machine Learning, NLP basics, Deep Learning fundamentals, PowerBI","Academic projects, guided ML implementations"
Aditi Sharma,aditi.sharma22@gmail.com,-7608884890,Strong,"Python, Machine Learning, Deep Learning, NLP, LLMs, RAG, LangChain, TensorFlow, PyTorch, PowerBI","Hands-on AI projects, internships, real-world ML applications"
Shreya Joshi,shreya.joshi81@gmail.com,-9552925683,Moderate,"Python, Machine Learning, NLP basics, Deep Learning fundamentals, PowerBI","Academic projects, guided ML implementations"
Priya Iyer,priya.iyer86@gmail.com,-7708565933,Strong,"Python, Machine Learning, Deep Learning, NLP, LLMs, RAG, LangChain, TensorFlow, PyTorch, PowerBI","Hands-on AI projects, internships, real-world ML applications"
Aditya Singh,aditya.singh88@gmail.com,-8555858992,Moderate,"Python, Machine Learning, NLP basics, Deep Learning fundamentals, PowerBI","Academic projects, guided ML implementations"
Shreya Malhotra,shreya.malhotra25@gmail.com,-8779993276,Moderate,"Python, Machine Learning, NLP basics, Deep Learning fundamentals, PowerBI","Academic projects, guided ML implementations"
Priya Iyer,priya.iyer28@gmail.com,-8735406272,Weak,"Python basics, ML theory, introductory NLP","Coursework-focused, limited practical exposure"
Priya Sharma,priya.sharma93@gmail.com,-8287019931,Moderate,"Python, Machine Learning, NLP basics, Deep Learning fundamentals, PowerBI","Academic projects, guided ML implementations"
Rahul Bansal,rahul.bansal40@gmail.com,-9881444962,Strong,"Python, Machine Learning, Deep Learning, NLP, LLMs, RAG, LangChain, TensorFlow, PyTorch, PowerBI","Hands-on AI projects, internships, real-world ML applications"
Arjun Reddy,arjun.reddy90@gmail.com,-8601682363,Strong,"Python, Machine Learning, Deep Learning, NLP, LLMs, RAG, LangChain, TensorFlow, PyTorch, PowerBI","Hands-on AI projects, internships, real-world ML applications"
Aditi Bansal,aditi.bansal62@gmail.com,-7236148672,Moderate,"Python, Machine Learning, NLP basics, Deep Learning fundamentals, PowerBI","Academic projects, guided ML implementations"
Rahul Bansal,rahul.bansal36@gmail.com,-7184802864,Strong,"Python, Machine Learning, Deep Learning, NLP, LLMs, RAG, LangChain, TensorFlow, PyTorch, PowerBI","Hands-on AI projects, internships, real-world ML applications"
Sneha Sharma,sneha.sharma35@gmail.com,-8754401562,Moderate,"Python, Machine Learning, NLP basics, Deep Learning fundamentals, PowerBI","Academic projects, guided ML implementations"
Nikhil Kumar,nikhil.kumar70@gmail.com,-8092954921,Strong,"Python, Machine Learning, Deep Learning, NLP, LLMs, RAG, LangChain, TensorFlow, PyTorch, PowerBI","Hands-on AI projects, internships, real-world ML applications"
Kunal Iyer,kunal.iyer85@gmail.com,-8435149073,Strong,"Python, Machine Learning, Deep Learning, NLP, LLMs, RAG, LangChain, TensorFlow, PyTorch, PowerBI","Hands-on AI projects, internships, real-world ML applications"
Ananya Patel,ananya.patel78@gmail.com,-7258232687,Strong,"Python, Machine Learning, Deep Learning, NLP, LLMs, RAG, LangChain, TensorFlow, PyTorch, PowerBI","Hands-on AI projects, internships, real-world ML applications"
Isha Agarwal,isha.agarwal16@gmail.com,-9907581158,Weak,"Python basics, ML theory, introductory NLP","Coursework-focused, limited practical exposure"
Rahul Malhotra,rahul.malhotra11@gmail.com,-8883058540,Moderate,"Python, Machine Learning, NLP basics, Deep Learning fundamentals, PowerBI","Academic projects, guided ML implementations"
Aarav Reddy,aarav.reddy20@gmail.com,-9446722465,Strong,"Python, Machine Learning, Deep Learning, NLP, LLMs, RAG, LangChain, TensorFlow, PyTorch, PowerBI","Hands-on AI projects, internships, real-world ML applications"
Vihaan Agarwal,vihaan.agarwal70@gmail.com,-7306606024,Moderate,"Python, Machine Learning, NLP basics, Deep Learning fundamentals, PowerBI","Academic projects, guided ML implementations"
Nikhil Singh,nikhil.singh48@gmail.com,-7932850136,Moderate,"Python, Machine Learning, NLP basics, Deep Learning fundamentals, PowerBI","Academic projects, guided ML implementations"
Aditi Reddy,aditi.reddy70@gmail.com,-7997987769,Weak,"Python basics, ML theory, introductory NLP","Coursework-focused, limited practical exposure"
Vihaan Chopra,vihaan.chopra56@gmail.com,-8820016519,Strong,"Python, Machine Learning, Deep Learning, NLP, LLMs, RAG, LangChain, TensorFlow, PyTorch, PowerBI","Hands-on AI projects, internships, real-world ML applications"
Aman Gupta,aman.gupta91@gmail.com,-7037889580,Moderate,"Python, Machine Learning, NLP basics, Deep Learning fundamentals, PowerBI","Academic projects, guided ML implementations"
Vihaan Patel,vihaan.patel44@gmail.com,-7156239639,Strong,"Python, Machine Learning, Deep Learning, NLP, LLMs, RAG, LangChain, TensorFlow, PyTorch, PowerBI","Hands-on AI projects, internships, real-world ML applications"
Aarav Mehta,aarav.mehta18@gmail.com,-9196265293,Strong,"Python, Machine Learning, Deep Learning, NLP, LLMs, RAG, LangChain, TensorFlow, PyTorch, PowerBI","Hands-on AI projects, internships, real-world ML applications"
Neha Iyer,neha.iyer49@gmail.com,-8949554663,Moderate,"Python, Machine Learning, NLP basics, Deep Learning fundamentals, PowerBI","Academic projects, guided ML implementations"
Sneha Verma,sneha.verma95@gmail.com,-7881457960,Strong,"Python, Machine Learning, Deep Learning, NLP, LLMs, RAG, LangChain, TensorFlow, PyTorch, PowerBI","Hands-on AI projects, internships, real-world ML applications"
Aditi Mehta,aditi.mehta11@gmail.com,-9776206328,Strong,"Python, Machine Learning, Deep Learning, NLP, LLMs, RAG, LangChain, TensorFlow, PyTorch, PowerBI","Hands-on AI projects, internships, real-world ML applications"
Arjun Mehta,arjun.mehta95@gmail.com,-9268716926,Moderate,"Python, Machine Learning, NLP basics, Deep Learning fundamentals, PowerBI","Academic projects, guided ML implementations"
Priya Chopra,priya.chopra57@gmail.com,-9017814720,Strong,"Python, Machine Learning, Deep Learning, NLP, LLMs, RAG, LangChain, TensorFlow, PyTorch, PowerBI","Hands-on AI projects, internships, real-world ML applications"
Isha Nair,isha.nair15@gmail.com,-7915735554,Weak,"Python basics, ML theory, introductory NLP","Coursework-focused, limited practical exposure"
Aarav Singh,aarav.singh59@gmail.com,-7071857945,Weak,"Python basics, ML theory, introductory NLP","Coursework-focused, limited practical exposure"
Arjun Reddy,arjun.reddy22@gmail.com,-9823761076,Strong,"Python, Machine Learning, Deep Learning, NLP, LLMs, RAG, LangChain, TensorFlow, PyTorch, PowerBI","Hands-on AI projects, internships, real-world ML applications"
Pooja Mehta,pooja.mehta49@gmail.com,-7136769765,Weak,"Python basics, ML theory, introductory NLP","Coursework-focused, limited practical exposure"
Vihaan Kumar,vihaan.kumar15@gmail.com,-9766917331,Weak,"Python basics, ML theory, introductory NLP","Coursework-focused, limited practical exposure"
Rohan Mehta,rohan.mehta80@gmail.com,-8054409692,Moderate,"Python, Machine Learning, NLP basics, Deep Learning fundamentals, PowerBI","Academic projects, guided ML implementations"
Aditi Chopra,aditi.chopra98@gmail.com,-8047537022,Strong,"Python, Machine Learning, Deep Learning, NLP, LLMs, RAG, LangChain, TensorFlow, PyTorch, PowerBI","Hands-on AI projects, internships, real-world ML applications"
Neha Verma,neha.verma58@gmail.com,-9071111558,Moderate,"Python, Machine Learning, NLP basics, Deep Learning fundamentals, PowerBI","Academic projects, guided ML implementations"
Neha Malhotra,neha.malhotra52@gmail.com,-7332559908,Strong,"Python, Machine Learning, Deep Learning, NLP, LLMs, RAG, LangChain, TensorFlow, PyTorch, PowerBI","Hands-on AI projects, internships, real-world ML applications"
Aarav Kumar,aarav.kumar68@gmail.com,-9103625420,Moderate,"Python, Machine Learning, NLP basics, Deep Learning fundamentals, PowerBI","Academic projects, guided ML implementations"
Pooja Nair,pooja.nair53@gmail.com,-8202493765,Moderate,"Python, Machine Learning, NLP basics, Deep Learning fundamentals, PowerBI","Academic projects, guided ML implementations"
Aman Sharma,aman.sharma79@gmail.com,-8949991372,Strong,"Python, Machine Learning, Deep Learning, NLP, LLMs, RAG, LangChain, TensorFlow, PyTorch, PowerBI","Hands-on AI projects, internships, real-world ML applications"
Rohan Chopra,rohan.chopra79@gmail.com,-8385580216,Moderate,"Python, Machine Learning, NLP basics, Deep Learning fundamentals, PowerBI","Academic projects, guided ML implementations"
Shreya Singh,shreya.singh22@gmail.com,-9753562064,Weak,"Python basics, ML theory, introductory NLP","Coursework-focused, limited practical exposure"
Sneha Sharma,sneha.sharma13@gmail.com,-8585701387,Weak,"Python basics, ML theory, introductory NLP","Coursework-focused, limited practical exposure"
Aman Nair,aman.nair98@gmail.com,-8826564282,Moderate,"Python, Machine Learning, NLP basics, Deep Learning fundamentals, PowerBI","Academic projects, guided ML implementations"
Arjun Bansal,arjun.bansal26@gmail.com,-8438681659,Strong,"Python, Machine Learning, Deep Learning, NLP, LLMs, RAG, LangChain, TensorFlow, PyTorch, PowerBI","Hands-on AI projects, internships, real-world ML applications"
Vihaan Bansal,vihaan.bansal47@gmail.com,-7367006708,Moderate,"Python, Machine Learning, NLP basics, Deep Learning fundamentals, PowerBI","Academic projects, guided ML implementations"
Sneha Iyer,sneha.iyer66@gmail.com,-8351858389,Strong,"Python, Machine Learning, Deep Learning, NLP, LLMs, RAG, LangChain, TensorFlow, PyTorch, PowerBI","Hands-on AI projects, internships, real-world ML applications"
Kavya Singh,kavya.singh56@gmail.com,-7304132209,Moderate,"Python, Machine Learning, NLP basics, Deep Learning fundamentals, PowerBI","Academic projects, guided ML implementations"
Rohan Nair,rohan.nair47@gmail.com,-8546501520,Moderate,"Python, Machine Learning, NLP basics, Deep Learning fundamentals, PowerBI","Academic projects, guided ML implementations"
Priya Gupta,priya.gupta40@gmail.com,-8600683910,Strong,"Python, Machine Learning, Deep Learning, NLP, LLMs, RAG, LangChain, TensorFlow, PyTorch, PowerBI","Hands-on AI projects, internships, real-world ML applications"
Ananya Sharma,ananya.sharma15@gmail.com,-7238358951,Strong,"Python, Machine Learning, Deep Learning, NLP, LLMs, RAG, LangChain, TensorFlow, PyTorch, PowerBI","Hands-on AI projects, internships, real-world ML applications"
Nikhil Agarwal,nikhil.agarwal50@gmail.com,-9917501312,Moderate,"Python, Machine Learning, NLP basics, Deep Learning fundamentals, PowerBI","Academic projects, guided ML implementations"
Nikhil Patel,nikhil.patel21@gmail.com,-7411240711,Weak,"Python basics, ML theory, introductory NLP","Coursework-focused, limited practical exposure"
Aarav Verma,aarav.verma59@gmail.com,-9405225535,Strong,"Python, Machine Learning, Deep Learning, NLP, LLMs, RAG, LangChain, TensorFlow, PyTorch, PowerBI","Hands-on AI projects, internships, real-world ML applications"
Shreya Singh,shreya.singh16@gmail.com,-7491177624,Moderate,"Python, Machine Learning, NLP basics, Deep Learning fundamentals, PowerBI","Academic projects, guided ML implementations"
Aditi Sharma,aditi.sharma27@gmail.com,-9623217922,Moderate,"Python, Machine Learning, NLP basics, Deep Learning fundamentals, PowerBI","Academic projects, guided ML implementations"
Vihaan Agarwal,vihaan.agarwal62@gmail.com,-9962019991,Strong,"Python, Machine Learning, Deep Learning, NLP, LLMs, RAG, LangChain, TensorFlow, PyTorch, PowerBI","Hands-on AI projects, internships, real-world ML applications"
Arjun Reddy,arjun.reddy20@gmail.com,-7783009791,Strong,"Python, Machine Learning, Deep Learning, NLP, LLMs, RAG, LangChain, TensorFlow, PyTorch, PowerBI","Hands-on AI projects, internships, real-world ML applications"
Ritika Kumar,ritika.kumar80@gmail.com,-9858655113,Weak,"Python basics, ML theory, introductory NLP","Coursework-focused, limited practical exposure"
Aman Reddy,aman.reddy13@gmail.com,-7094227492,Weak,"Python basics, ML theory, introductory NLP","Coursework-focused, limited practical exposure"
Ananya Bansal,ananya.bansal55@gmail.com,-9135483547,Weak,"Python basics, ML theory, introductory NLP","Coursework-focused, limited practical exposure"
Siddharth Nair,siddharth.nair17@gmail.com,-7121621262,Moderate,"Python, Machine Learning, NLP basics, Deep Learning fundamentals, PowerBI","Academic projects, guided ML implementations"
Neha Kumar,neha.kumar89@gmail.com,-9847064563,Strong,"Python, Machine Learning, Deep Learning, NLP, LLMs, RAG, LangChain, TensorFlow, PyTorch, PowerBI","Hands-on AI projects, internships, real-world ML applications"
Rahul Agarwal,rahul.agarwal49@gmail.com,-7854785204,Weak,"Python basics, ML theory, introductory NLP","Coursework-focused, limited practical exposure"
Shreya Bansal,shreya.bansal85@gmail.com,-9939734747,Strong,"Python, Machine Learning, Deep Learning, NLP, LLMs, RAG, LangChain, TensorFlow, PyTorch, PowerBI","Hands-on AI projects, internships, real-world ML applications"
Shreya Mehta,shreya.mehta16@gmail.com,-7525354527,Strong,"Python, Machine Learning, Deep Learning, NLP, LLMs, RAG, LangChain, TensorFlow, PyTorch, PowerBI","Hands-on AI projects, internships, real-world ML applications"
Rohan Chopra,rohan.chopra80@gmail.com,-9345759272,Strong,"Python, Machine Learning, Deep Learning, NLP, LLMs, RAG, LangChain, TensorFlow, PyTorch, PowerBI","Hands-on AI projects, internships, real-world ML applications"
Rahul Verma,rahul.verma91@gmail.com,-9578041071,Strong,"Python, Machine Learning, Deep Learning, NLP, LLMs, RAG, LangChain, TensorFlow, PyTorch, PowerBI","Hands-on AI projects, internships, real-world ML applications"
Aditi Iyer,aditi.iyer95@gmail.com,-9446808817,Moderate,"Python, Machine Learning, NLP basics, Deep Learning fundamentals, PowerBI","Academic projects, guided ML implementations"
Aditi Gupta,aditi.gupta51@gmail.com,-7221373716,Weak,"Python basics, ML theory, introductory NLP","Coursework-focused, limited practical exposure"
Ananya Verma,ananya.verma78@gmail.com,-8126789641,Moderate,"Python, Machine Learning, NLP basics, Deep Learning fundamentals, PowerBI","Academic projects, guided ML implementations"
Aditi Patel,aditi.patel53@gmail.com,-9537612286,Weak,"Python basics, ML theory, introductory NLP","Coursework-focused, limited practical exposure"
Aarav Kumar,aarav.kumar74@gmail.com,-7138199589,Strong,"Python, Machine Learning, Deep Learning, NLP, LLMs, RAG, LangChain, TensorFlow, PyTorch, PowerBI","Hands-on AI projects, internships, real-world ML applications"
Isha Agarwal,isha.agarwal59@gmail.com,-7947962862,Moderate,"Python, Machine Learning, NLP basics, Deep Learning fundamentals, PowerBI","Academic projects, guided ML implementations"
Neha Mehta,neha.mehta30@gmail.com,-8827527117,Weak,"Python basics, ML theory, introductory NLP","Coursework-focused, limited practical exposure"
Siddharth Bansal,siddharth.bansal76@gmail.com,-7223599985,Moderate,"Python, Machine Learning, NLP basics, Deep Learning fundamentals, PowerBI","Academic projects, guided ML implementations"
Arjun Iyer,arjun.iyer94@gmail.com,-8579016419,Moderate,"Python, Machine Learning, NLP basics, Deep Learning fundamentals, PowerBI","Academic projects, guided ML implementations"
Rohan Malhotra,rohan.malhotra39@gmail.com,-7256172354,Moderate,"Python, Machine Learning, NLP basics, Deep Learning fundamentals, PowerBI","Academic projects, guided ML implementations"
Aditya Nair,aditya.nair79@gmail.com,-9333251732,Moderate,"Python, Machine Learning, NLP basics, Deep Learning fundamentals, PowerBI","Academic projects, guided ML implementations"
Pooja Malhotra,pooja.malhotra82@gmail.com,-9742952400,Moderate,"Python, Machine Learning, NLP basics, Deep Learning fundamentals, PowerBI","Academic projects, guided ML implementations"
Arjun Reddy,arjun.reddy38@gmail.com,-7751707444,Weak,"Python basics, ML theory, introductory NLP","Coursework-focused, limited practical exposure"
Aarav Verma,aarav.verma87@gmail.com,-9996661293,Moderate,"Python, Machine Learning, NLP basics, Deep Learning fundamentals, PowerBI","Academic projects, guided ML implementations"
Sneha Singh,sneha.singh29@gmail.com,-8866643752,Moderate,"Python, Machine Learning, NLP basics, Deep Learning fundamentals, PowerBI","Academic projects, guided ML implementations"
Shreya Gupta,shreya.gupta15@gmail.com,-9637254172,Moderate,"Python, Machine Learning, NLP basics, Deep Learning fundamentals, PowerBI","Academic projects, guided ML implementations"
Arjun Malhotra,arjun.malhotra33@gmail.com,-8006402144,Weak,"Python basics, ML theory, introductory NLP","Coursework-focused, limited practical exposure"
Neha Nair,neha.nair64@gmail.com,-9413874254,Strong,"Python, Machine Learning, Deep Learning, NLP, LLMs, RAG, LangChain, TensorFlow, PyTorch, PowerBI","Hands-on AI projects, internships, real-world ML applications"
Kunal Singh,kunal.singh30@gmail.com,-9142928617,Weak,"Python basics, ML theory, introductory NLP","Coursework-focused, limited practical exposure"
Siddharth Joshi,siddharth.joshi74@gmail.com,-8657215637,Moderate,"Python, Machine Learning, NLP basics, Deep Learning fundamentals, PowerBI","Academic projects, guided ML implementations"
Kavya Agarwal,kavya.agarwal36@gmail.com,-8845509470,Weak,"Python basics, ML theory, introductory NLP","Coursework-focused, limited practical exposure"
Rahul Patel,rahul.patel43@gmail.com,-7021204448,Strong,"Python, Machine Learning, Deep Learning, NLP, LLMs, RAG, LangChain, TensorFlow, PyTorch, PowerBI","Hands-on AI projects, internships, real-world ML applications"
Vihaan Kumar,vihaan.kumar80@gmail.com,-7068088146,Strong,"Python, Machine Learning, Deep Learning, NLP, LLMs, RAG, LangChain, TensorFlow, PyTorch, PowerBI","Hands-on AI projects, internships, real-world ML applications"
Kavya Reddy,kavya.reddy89@gmail.com,-8856737352,Moderate,"Python, Machine Learning, NLP basics, Deep Learning fundamentals, PowerBI","Academic projects, guided ML implementations"
Aditya Reddy,aditya.reddy85@gmail.com,-7758598408,Strong,"Python, Machine Learning, Deep Learning, NLP, LLMs, RAG, LangChain, TensorFlow, PyTorch, PowerBI","Hands-on AI projects, internships, real-world ML applications"
Rohan Mehta,rohan.mehta84@gmail.com,-8131238092,Moderate,"Python, Machine Learning, NLP basics, Deep Learning fundamentals, PowerBI","Academic projects, guided ML implementations"
Siddharth Kumar,siddharth.kumar14@gmail.com,-7824561434,Weak,"Python basics, ML theory, introductory NLP","Coursework-focused, limited practical exposure"
Arjun Joshi,arjun.joshi66@gmail.com,-7227377781,Weak,"Python basics, ML theory, introductory NLP","Coursework-focused, limited practical exposure"
Kavya Malhotra,kavya.malhotra23@gmail.com,-7100664379,Moderate,"Python, Machine Learning, NLP basics, Deep Learning fundamentals, PowerBI","Academic projects, guided ML implementations"
Pooja Gupta,pooja.gupta84@gmail.com,-9283081423,Weak,"Python basics, ML theory, introductory NLP","Coursework-focused, limited practical exposure"
Isha Verma,isha.verma75@gmail.com,-9145500556,Weak,"Python basics, ML theory, introductory NLP","Coursework-focused, limited practical exposure"
Kunal Singh,kunal.singh85@gmail.com,-9408479801,Strong,"Python, Machine Learning, Deep Learning, NLP, LLMs, RAG, LangChain, TensorFlow, PyTorch, PowerBI","Hands-on AI projects, internships, real-world ML applications"
Pooja Gupta,pooja.gupta66@gmail.com,-9195397397,Strong,"Python, Machine Learning, Deep Learning, NLP, LLMs, RAG, LangChain, TensorFlow, PyTorch, PowerBI","Hands-on AI projects, internships, real-world ML applications"
Aman Verma,aman.verma34@gmail.com,-7973120671,Strong,"Python, Machine Learning, Deep Learning, NLP, LLMs, RAG, LangChain, TensorFlow, PyTorch, PowerBI","Hands-on AI projects, internships, real-world ML applications"
Pooja Joshi,pooja.joshi92@gmail.com,-9922097047,Moderate,"Python, Machine Learning, NLP basics, Deep Learning fundamentals, PowerBI","Academic projects, guided ML implementations"
Ritika Mehta,ritika.mehta25@gmail.com,-9413910988,Moderate,"Python, Machine Learning, NLP basics, Deep Learning fundamentals, PowerBI","Academic projects, guided ML implementations"
Pooja Verma,pooja.verma34@gmail.com,-7052580962,Strong,"Python, Machine Learning, Deep Learning, NLP, LLMs, RAG, LangChain, TensorFlow, PyTorch, PowerBI","Hands-on AI projects, internships, real-world ML applications"
Rahul Joshi,rahul.joshi78@gmail.com,-8917641363,Moderate,"Python, Machine Learning, NLP basics, Deep Learning fundamentals, PowerBI","Academic projects, guided ML implementations"
Isha Mehta,isha.mehta63@gmail.com,-7558819855,Strong,"Python, Machine Learning, Deep Learning, NLP, LLMs, RAG, LangChain, TensorFlow, PyTorch, PowerBI","Hands-on AI projects, internships, real-world ML applications"
